Feature set,Model,# Features,Extract ms/img,Train Acc,CV Acc,CV Std,CV F1,Fit time (s),Predict time (s)
Baseline,Logistic Regression,9,10.79,0.9069999999999999,0.9000000000000001,0.02936835031117682,0.9014940991237914,0.017777986526489258,0.009060983657836913
Baseline,Decision Tree,9,10.79,0.95625,0.9294999999999999,0.025709920264364892,0.9295245370632342,0.005861988067626953,0.006843605041503906
Baseline,Random Forest,9,10.79,0.9746250000000001,0.9429999999999998,0.024515301344262535,0.9431788545546667,0.8073241329193115,0.029101781845092774
Improved,Logistic Regression,13,27.98,0.935125,0.925,0.02397915761656359,0.9255761615794468,0.06652894020080566,0.014403104782104492
Improved,Decision Tree,13,27.98,0.9547500000000001,0.8954999999999999,0.03805916446797013,0.8953511346040325,0.024317121505737303,0.018591156005859377
Improved,Random Forest,13,27.98,0.9828749999999999,0.945,0.022638462845343543,0.94547440675169,0.6189539813995362,0.0259531307220459
Improved compact,Logistic Regression,9,27.98,0.9410000000000001,0.932,0.020639767440550287,0.9328111394784403,0.016605348587036134,0.006569375991821289
Improved compact,Decision Tree,9,27.98,0.955,0.8945000000000001,0.039382737335030435,0.89397069977303,0.005494480133056641,0.007010622024536133
Improved compact,Random Forest,9,27.98,0.9828749999999999,0.9460000000000001,0.025670995305986877,0.9461987756484497,0.5377495288848877,0.0219735050201416
