mean_brightness,contrast,dark_pixel_ratio,bright_pixel_ratio,min_intensity,max_intensity,median_intensity,edge_count,edge_density,label
122.09614656409438,38.01434479318785,0.01633250956632653,0.02667610012755102,0,255,121.0,32198,0.16042530293367346,1
131.82270408163265,29.319148174653797,0.006741270727040816,0.01175860969387755,0,255,133.0,11361,0.056605747767857144,1
121.17121731505102,35.572562853952114,0.02499202806122449,0.020712093431122448,0,255,120.0,23042,0.11480588329081633,1
130.11770069355867,32.74508597751128,0.008888711734693877,0.014917490433673469,1,255,131.0,22155,0.11038643973214286,1
131.07999840561226,33.19935636967932,0.009740712691326531,0.016790896045918366,0,255,132.0,23572,0.11744658801020408,1
136.03039799904337,32.54933870977225,0.01132015306122449,0.018265704719387755,0,255,138.0,20157,0.10043148118622448,1
129.53543028539542,28.44351546666485,0.006188217474489796,0.009984853316326531,2,255,132.0,9001,0.044847138073979595,1
123.32829938616071,27.840251523943287,0.009092992665816327,0.008091517857142858,0,255,125.0,10377,0.051703005420918366,1
125.12835319674745,26.41693330235999,0.006641621492346939,0.0067014110331632655,0,254,127.0,7031,0.035031688456632654,1
128.9655213647959,34.28086044161099,0.01718949298469388,0.014075454400510204,0,255,132.0,15083,0.07515047034438775,1
125.14559251434949,30.311815773193846,0.010846819196428572,0.00836555325255102,0,255,126.0,11717,0.05837950414540816,1
125.30229591836735,28.73348754799395,0.009003308354591837,0.006123445471938775,0,255,126.0,7219,0.035968391262755105,1
126.38171635841837,29.222190089488162,0.007453762755102041,0.00692562181122449,0,255,128.0,11316,0.05638153698979592,1
123.01300920758929,31.370245778407586,0.013806401466836735,0.010413345025510204,0,255,124.0,15556,0.07750717474489796,1
120.40689273756378,26.24201508859658,0.0036073022959183672,0.005645129145408163,2,254,119.0,2515,0.012530891262755101,1
129.1435696348852,32.54449190705816,0.009451729910714286,0.011105907206632654,1,255,130.0,25053,0.12482561383928571,1
129.98327885841837,33.63299453998657,0.016506895727040817,0.012132294323979591,0,255,133.0,30412,0.1515266262755102,1
123.35762615593113,30.21211711919125,0.0074587452168367345,0.013402822066326531,2,255,123.0,8364,0.041673309948979595,1
126.54556959502551,29.422398968938477,0.00794204400510204,0.00818618463010204,0,254,127.0,15727,0.07835917570153061,1
124.8935845822704,28.87988362287375,0.007538464604591837,0.007254464285714286,0,255,125.0,12877,0.06415915975765306,1
128.08677953603316,29.46827570055593,0.00661670918367347,0.00603874362244898,1,255,129.0,13382,0.06667530293367346,1
129.50777762276786,25.284313823511276,0.00412547831632653,0.00457389987244898,0,255,131.0,3945,0.019655811543367346,1
130.93840680803572,22.30193485674722,0.002102598852040816,0.0027851961096938774,0,255,133.0,1104,0.005500637755102041,1
125.63300681600765,24.199598807933913,0.0042948820153061226,0.007364078443877551,0,255,127.0,1991,0.00992008131377551,1
126.4061055086097,22.129343667526186,0.0011409837372448979,0.0035923549107142855,0,255,126.0,1666,0.00830078125,1
115.22421077806122,23.47641651252056,0.0031140385841836736,0.0034727758290816328,2,254,115.0,2589,0.01289959343112245,1
112.97772839604592,21.948299937052195,0.0034329161352040817,0.002162388392857143,1,255,113.0,1858,0.009257413903061224,1
116.37380420918367,24.44583279409279,0.003951092155612245,0.0035774075255102043,3,255,117.0,5702,0.02840999681122449,1
116.17196468431122,24.321785311260957,0.006895727040816327,0.005131935586734694,0,254,116.0,3276,0.016322544642857144,1
111.75333326690051,23.45257203198234,0.006392498405612245,0.0042849170918367345,0,255,111.0,4148,0.020667251275510203,1
118.21609933035714,26.143219762531082,0.0055056202168367345,0.0050522161989795915,0,255,118.0,10143,0.050537109375,1
119.28413982780613,31.315444870251717,0.013706752232142858,0.007807517538265306,0,255,120.0,21231,0.10578264508928571,1
120.12632533482143,32.45941873990878,0.014085419323979591,0.00568000637755102,0,255,121.0,23820,0.11868223852040816,1
119.83950494260205,28.942628457934248,0.010592713647959183,0.004763233418367347,0,255,121.0,10904,0.05432876275510204,1
124.06576351243622,29.953777551380945,0.007164779974489796,0.006277901785714286,2,255,125.0,12212,0.060845822704081634,1
110.35529934630102,44.85438122863646,0.08613679846938775,0.01904296875,1,255,109.0,49140,0.24483816964285715,1
117.30924147002551,30.54362697537398,0.013985770089285714,0.008285833864795918,0,255,116.0,13354,0.06653579400510204,1
125.20807756696429,34.05100678659657,0.016287667410714284,0.01669124681122449,0,255,125.0,19543,0.09737224968112244,1
132.60138811383928,36.4698307284053,0.027553013392857144,0.02125518176020408,0,255,136.0,19677,0.09803989955357142,1
126.85186643016581,34.57544735089749,0.02166374362244898,0.016073421556122448,0,255,129.0,18274,0.09104950573979592,1
122.7708814971301,39.29689972318657,0.03527084661989796,0.02577925701530612,0,255,125.0,30947,0.15419224330357142,1
113.23254145408163,32.46112756544892,0.02377132493622449,0.011823381696428572,0,255,112.0,17197,0.08568339445153061,1
117.45674724968113,34.76834671205831,0.021589006696428572,0.013397839604591837,0,255,116.0,24307,0.12110869738520408,1
114.69170519770408,35.13725705431269,0.020976163903061226,0.017045001594387755,0,255,112.0,27517,0.13710239955357142,1
126.33122409119898,37.74766410247456,0.027059749681122448,0.025898836096938774,0,255,127.0,32736,0.16310586734693877,1
118.76679587850765,37.214593106687715,0.02727897799744898,0.02145946269132653,0,255,117.0,24602,0.12257852359693877,1
122.84574796715562,33.7403453032776,0.014543805803571428,0.019461495535714284,0,255,122.0,19158,0.09545400191326531,1
126.47698102678571,39.830606679006145,0.025754344706632654,0.036675900829081634,0,255,126.0,33932,0.16906489158163265,1
124.75801678093113,37.60719151969369,0.02228156887755102,0.025510204081632654,0,255,124.0,31522,0.15705715880102042,1
136.7327507174745,34.45139465052569,0.013906050701530613,0.03529077646683673,0,255,137.0,30032,0.14963329081632654,1
132.0914381377551,35.6614922247931,0.017632932079081634,0.032545440051020405,0,255,132.0,29570,0.14733139349489796,1
130.58487125318877,33.119203916215305,0.01612822863520408,0.02590381855867347,0,255,130.0,22097,0.11009745695153061,1
136.6976692044005,32.664190601399575,0.00826092155612245,0.03590860172193878,4,255,136.0,23616,0.11766581632653061,1
130.1073670679209,34.66047374496881,0.01739875637755102,0.03131975446428571,0,255,129.0,26739,0.13322604432397958,1
128.10413843271684,33.92913668486327,0.014653419961734694,0.02699996014030612,0,255,126.0,28172,0.14036591198979592,1
130.3260871731505,35.48195634668012,0.016880580357142856,0.02969547193877551,0,255,129.0,29687,0.14791434151785715,1
130.97096719547193,40.377971833466425,0.0222965162627551,0.05236069036989796,0,255,128.0,46666,0.2325115593112245,1
129.7754753268495,41.798471994372264,0.025604870854591837,0.055474728954081634,0,255,127.0,47649,0.23740931919642858,1
134.38895089285714,37.400394324963564,0.017528300382653062,0.04372110172193878,0,255,134.0,38713,0.19288604113520408,1
133.76509685905611,35.021859721681544,0.01184829400510204,0.031573860012755105,1,255,134.0,31812,0.15850207270408162,1
133.01302913743623,38.818646566735765,0.019346898915816327,0.0457389987244898,0,255,132.0,45510,0.22675183354591838,1
131.87223473373726,41.13253453142682,0.0282405931122449,0.05017837213010204,0,255,132.0,44887,0.22364775988520408,1
125.73122608418367,34.743143116332284,0.012600645727040817,0.029959542410714284,0,255,122.0,30200,0.1504703443877551,1
126.12237424266581,33.35978142572418,0.008694395727040817,0.025579958545918366,0,255,123.0,28101,0.14001215720663265,1
132.4480976961097,39.684250287124065,0.02280472735969388,0.04660096460459184,0,255,132.0,42073,0.2096271125637755,1
138.43151606345663,37.966645132529685,0.018624441964285716,0.05042251275510204,0,255,139.0,39577,0.19719088807397958,1
136.75328344228316,39.7744523135263,0.022744937818877552,0.054812061543367346,0,255,137.0,41513,0.20683693399234693,1
140.7325364716199,39.60568140121175,0.0209163743622449,0.06577845982142858,0,255,141.0,35082,0.17479472257653061,1
128.88655432876274,37.23626526533446,0.016068439094387755,0.04017857142857143,0,255,126.0,35443,0.1765933912627551,1
138.70589026626274,39.50996782812222,0.020213847257653062,0.06507095025510204,0,255,137.0,39587,0.19724071269132654,1
139.5040507413903,38.867259188526546,0.023213289221938774,0.058803013392857144,0,255,139.0,33992,0.16936383928571427,1
140.8695740991709,38.30609088614458,0.018420161033163265,0.06450294961734694,0,255,140.0,37832,0.18849649234693877,1
135.74099170918367,42.53358351242104,0.031165298150510203,0.06475705516581633,0,255,136.0,42041,0.2094676737882653,1
141.91057477678572,43.68841163107546,0.031548947704081634,0.08658522002551021,0,255,143.0,40910,0.20383250956632654,1
138.53146922831633,38.91244797623709,0.02540058992346939,0.04831991390306122,0,255,141.0,37571,0.1871960698341837,1
140.54795619419642,40.44650115429462,0.029072664221938774,0.05914182079081633,0,255,143.0,39925,0.19892478475765307,1
139.7362284757653,39.87009632734639,0.02741848692602041,0.05468251753826531,0,255,142.0,37770,0.18818757971938777,1
143.685791015625,37.68846164672588,0.022431042729591837,0.06505102040816327,0,255,143.0,28303,0.1410186144770408,1
140.78237603635205,41.00502144401612,0.03364158163265306,0.06547951211734694,0,255,142.0,31198,0.15544284119897958,1
131.98486826371175,35.24529843662475,0.015869140625,0.03664102359693878,0,255,130.0,32441,0.16163604113520408,1
123.7784498565051,36.65492856115611,0.014304647640306123,0.03435407366071429,0,255,119.0,34745,0.17311563297193877,1
123.21070830676021,36.774739062080094,0.016237842793367346,0.032017299107142856,0,255,118.0,35761,0.17817781409438777,1
145.95154057716837,38.03577943460252,0.021449497767857144,0.07558394451530612,0,255,145.0,32181,0.1603406010841837,1
136.50503726881377,36.251459035234994,0.018011599170918366,0.05019830197704082,0,255,134.0,30700,0.15296157525510204,1
136.7872987085459,36.422379152853765,0.018435108418367346,0.04742805325255102,0,255,135.0,30810,0.15350964604591838,1
130.55647620376274,37.7358504461189,0.018380301339285716,0.04377092633928571,0,255,128.0,36556,0.18213887117346939,1
134.40466059470663,38.153605110271734,0.019705636160714284,0.05276426977040816,0,255,132.0,33909,0.1689502949617347,1
123.48477857940051,39.0717431346496,0.022620376275510203,0.03675562021683673,0,255,120.0,36752,0.18311543367346939,1
120.67710658482143,35.370730992392346,0.011918048469387755,0.02866410235969388,0,255,115.0,31954,0.15920958227040816,1
130.13062519929846,39.26067690897591,0.018016581632653062,0.046262157206632654,0,255,128.0,35791,0.17832728794642858,1
121.86080496651786,33.42007120669325,0.009641063456632654,0.024239676339285716,0,255,117.0,27849,0.1387565768494898,1
135.1423937739158,43.87447463974901,0.033771125637755105,0.06704898756377552,0,255,136.0,40569,0.20213349011479592,1
130.37607122927295,52.521056477983045,0.07394969706632654,0.100341796875,0,255,131.0,44801,0.22321926817602042,1
141.57317741549744,43.0587038038836,0.03083645567602041,0.07941047512755102,0,255,143.0,35111,0.17493921396683673,1
143.64914500956633,40.500994972671045,0.02662627551020408,0.06723832110969388,0,255,146.0,32638,0.16261758609693877,1
144.3275520169005,42.92708099021463,0.03343231823979592,0.07808514030612244,0,255,148.0,29441,0.14668865593112246,1
131.807861328125,36.440851721780156,0.010333625637755101,0.03098094706632653,0,255,131.0,35773,0.17823760363520408,1
132.24847038424744,32.2509184616738,0.0024713010204081634,0.01734394929846939,4,255,131.0,19444,0.09687898596938775,1
129.60784040178572,33.869765907688524,0.00637256855867347,0.011220503826530613,1,255,130.0,30364,0.1512874681122449,1
134.2956692442602,34.11216001773487,0.005744778380102041,0.015141701211734694,6,255,136.0,24578,0.12245894451530612,1
134.2956692442602,34.11216001773487,0.005744778380102041,0.015141701211734694,6,255,136.0,24578,0.12245894451530612,1
172.28199238679846,27.858429804157353,9.964923469387754e-06,0.1661999760841837,49,255,172.0,15673,0.07809012276785714,1
127.56133410395408,22.38846907670007,1.992984693877551e-05,0.0028748804209183672,44,253,127.0,3884,0.01935188137755102,1
128.2636569276148,21.749097533337686,9.964923469387754e-06,0.0024912308673469387,35,250,127.0,3100,0.01544563137755102,1
129.21920838647958,25.67220403642106,0.0002242107780612245,0.005490672831632653,28,254,128.0,8110,0.040407764668367346,1
149.07951510682398,38.59128372082474,0.00013452646683673468,0.10597197863520408,30,255,148.0,38715,0.19289600605867346,1
151.24364736128825,40.20142147866146,0.00017438616071428572,0.12428252551020408,38,255,151.0,42304,0.2107780612244898,1
154.78866888552295,38.02356087997652,1.4947385204081632e-05,0.1289859693877551,44,255,154.0,37650,0.1875896843112245,1
153.0038066007653,41.86679875449285,0.00027901785714285713,0.14334044164540816,33,255,154.0,46028,0.2293327487244898,1
149.16322544642858,39.60453579946542,0.0001793686224489796,0.10888671875,36,255,149.0,41504,0.2067920918367347,1
137.02109076052295,51.255639822891595,0.04021344866071429,0.12268813775510204,1,255,137.0,52800,0.26307397959183676,1
137.67683254942602,49.91627975953965,0.03366649394132653,0.12006736288265306,12,255,137.0,49583,0.24704540019132654,1
130.39819834183675,53.49302102454555,0.07128408003826531,0.10991310586734694,8,255,130.0,55540,0.27672592474489793,1
133.39755560427295,19.591950273244993,4.982461734693877e-06,0.0014399314413265306,48,254,133.0,756,0.0037667410714285715,1
183.07546934789542,20.191324424125728,0.0,0.18816764987244897,88,255,184.0,1118,0.005570392219387755,1
172.0958924585459,32.34077540220682,8.470184948979592e-05,0.19737025669642858,29,255,173.0,24113,0.12014209980867346,1
168.38315130739795,33.501933709312055,4.982461734693878e-05,0.1712372448979592,34,255,171.0,31875,0.15881596779336735,1
123.66672313456633,63.906472555500685,0.19070870535714285,0.14201510682397958,1,255,125.0,60033,0.29911212531887754,1
128.48067801339286,63.35570328280875,0.16597078284438777,0.15400290975765307,0,255,133.0,61166,0.3047572544642857,1
131.08531469228316,61.76538990123067,0.15043048469387754,0.14494479432397958,0,255,138.0,60411,0.30099549585459184,1
148.95683693399235,48.97904289803655,0.006113480548469388,0.1659359056122449,26,255,152.0,47931,0.23881437340561223,1
146.38534359056123,48.5267657711379,0.009446747448979591,0.14592135682397958,20,255,149.0,55806,0.27805125956632654,1
150.58229532047193,47.29305936232306,0.0059939014668367345,0.15977260044642858,26,255,153.0,55703,0.2775380660076531,1
147.67848672672193,48.61556832628169,0.009451729910714286,0.15320073341836735,21,255,150.0,56661,0.2823112643494898,1
144.1006407445791,49.3385987256103,0.0176578443877551,0.14236886160714285,15,255,145.0,56290,0.2804627710459184,1
140.87964863679846,48.26425433936485,0.019321986607142856,0.12142259247448979,17,255,141.0,55512,0.27658641581632654,1
139.82960977359693,53.29968293664748,0.04900749362244898,0.14202008928571427,1,255,142.0,56863,0.28331772161989793,1
145.87953404017858,48.93045330540634,0.017802335778061226,0.14758549904336735,21,255,148.0,56176,0.27989477040816324,1
145.42338966836735,52.9349839341888,0.03073680644132653,0.1683623644770408,5,255,149.0,56909,0.28354691485969385,1
128.2617785395408,57.12360184767519,0.11424784757653061,0.11277802136479592,0,255,131.0,57265,0.2853206712372449,1
143.36218012595663,51.42302583201989,0.03750298947704082,0.14548290019132654,10,255,147.0,54507,0.27157904177295916,1
134.14572704081633,55.11249311181731,0.06606246014030612,0.12896105707908162,0,255,136.0,55900,0.27851961096938777,1
153.84750677614795,46.26845667697214,0.0016940369897959183,0.17112763073979592,36,255,158.0,51602,0.25710499043367346,1
150.01102120535714,50.13673962218197,0.005465760522959184,0.17603535554846939,22,255,154.0,54513,0.2716089365433674,1
154.56166294642858,47.27926202430674,0.0011110889668367347,0.18787368463010204,36,255,158.0,50351,0.25087193080357145,1
146.07517538265307,48.503454713553396,0.004628706951530612,0.1481983418367347,26,255,148.0,45835,0.22837113360969388,1
124.85237464126276,47.31438505786214,0.005919164540816327,0.09170220822704081,18,255,115.0,26462,0.13184590242346939,1
154.45712591677295,43.152440218853044,0.0006626674107142857,0.15327048788265307,18,255,158.0,42267,0.21059371014030612,1
151.99427515146684,45.8421288703674,0.003343231823979592,0.15968291613520408,16,255,156.0,48939,0.2438366948341837,1
154.74147999043367,44.90592071560281,0.0011559311224489796,0.17180524553571427,27,255,158.0,43610,0.21728515625,1
131.46410136320154,26.628263742838296,0.0012854751275510204,0.004309829400510204,21,253,131.0,12789,0.063720703125,1
170.7235481106505,31.75511324699688,0.00027901785714285713,0.18983179209183673,23,255,171.0,30169,0.15031588807397958,1
172.6482531489158,29.889818021169987,7.971938775510203e-05,0.19077845982142858,39,255,173.0,18442,0.09188655931122448,1
173.3976602359694,32.13989693254811,0.00016940369897959184,0.21755919164540816,19,255,175.0,30003,0.14948879942602042,1
170.92755998883928,31.22724664278965,0.00010463169642857142,0.1847197863520408,38,254,172.0,27977,0.13939433195153061,1
172.93656329719389,30.550903627742326,7.971938775510203e-05,0.19713109853316327,40,255,174.0,19797,0.09863779496173469,1
164.4499661192602,41.96363812426386,0.0010811941964285715,0.21838129783163265,22,255,170.0,27845,0.13873664700255103,1
169.01443419164542,23.952108250365164,9.964923469387754e-06,0.09248943718112244,36,255,170.0,6329,0.03153400031887755,1
170.36282286352042,31.745124129012165,0.00016940369897959184,0.18638392857142858,31,255,172.0,34359,0.17119240274234693,1
171.38560267857142,31.45572410404405,0.00012456154336734694,0.19382274394132654,38,255,173.0,34451,0.17165078922193877,1
170.72635821906889,32.019817857840195,0.00012456154336734694,0.19316505899234693,26,255,172.0,35847,0.17860630580357142,1
169.95321468431123,33.16374042353745,0.00026407047193877553,0.19543706154336735,22,255,171.0,38622,0.19243263711734693,1
134.97544642857142,21.74068950878245,0.00019431600765306122,0.004763233418367347,30,255,135.0,4300,0.021424585459183673,1
177.53867885044642,27.257540094231167,4.982461734693877e-06,0.19568120216836735,48,255,179.0,14761,0.07354611766581633,1
176.83182198660714,28.050572875942596,4.982461734693877e-06,0.19862085459183673,48,255,178.0,17020,0.08480149872448979,1
180.5562121332908,25.351449056449606,0.0,0.21678192761479592,59,255,182.0,9068,0.04518096301020408,1
189.69480428890307,20.714267378704804,0.0,0.302181321747449,81,255,191.0,4699,0.02341258769132653,1
181.27729392538265,25.965942064575373,0.0,0.22556600765306123,63,255,183.0,12552,0.06253985969387756,1
187.65987224968111,22.278232777927695,0.0,0.28463309151785715,72,255,189.0,5411,0.026960100446428572,1
181.99429009885205,25.527969044282692,0.0,0.23708047672193877,72,255,183.0,11859,0.05908701371173469,1
180.89152184311226,28.155608363416615,0.0,0.25319375797193877,53,255,183.0,19204,0.09568319515306123,1
181.8704161352041,29.370459187450216,0.0,0.27608816964285715,57,255,184.0,23796,0.11856265943877552,1
183.57293327487244,28.93958523276875,0.0,0.29405990911989793,58,255,185.0,23370,0.11644013073979592,1
175.73151506696428,27.69329663215769,0.0,0.1880480707908163,63,255,177.0,17394,0.08666493941326531,1
172.18303571428572,29.121634141916957,9.964923469387754e-06,0.1687808912627551,47,255,173.0,19937,0.09933533960459184,1
183.2753059231505,24.660101991631038,0.0,0.24898357780612246,73,255,184.0,12154,0.060556839923469385,1
171.967041015625,27.990633983566163,4.982461734693877e-06,0.15482999840561223,42,255,173.0,16506,0.08224051339285714,1
177.48010004783163,27.266569511700936,0.0,0.20446029974489796,56,255,178.0,14407,0.07178232621173469,1
185.3058085538903,22.38041551862279,0.0,0.2528748804209184,77,255,187.0,7382,0.0367805325255102,1
181.50023417570154,27.060220996371363,0.0,0.25174386160714285,70,255,183.0,19249,0.09590740593112244,1
132.7139219945791,22.81441572487624,6.975446428571428e-05,0.00943180006377551,37,254,130.0,6309,0.03143435108418367,1
175.55269451530611,25.00983769915974,0.0,0.1549695073341837,52,255,173.0,9702,0.04833984375,1
170.46008051658163,26.067008646132525,9.964923469387754e-06,0.12995256696428573,42,255,168.0,11789,0.058738241390306124,1
174.70748963647958,28.45801423722786,2.491230867346939e-05,0.17613998724489796,22,255,173.0,16514,0.08228037308673469,1
169.00613341039542,30.808704076281952,0.00016442123724489795,0.15793407206632654,31,255,167.0,21175,0.10550362723214286,1
168.8740084901148,29.752457052102514,0.0004982461734693878,0.14310128348214285,26,255,168.0,21489,0.10706812021683673,1
170.6112683354592,30.233070141014945,0.0006078603316326531,0.15794403698979592,25,255,170.0,22541,0.11230966996173469,1
167.27087651466837,33.2238264192642,0.0006028778698979591,0.16258769132653061,22,255,166.0,32069,0.15978256536989796,1
171.51482780612244,33.94116336124525,0.0011210538903061226,0.20016043526785715,23,255,171.0,31996,0.1594188456632653,1
167.58925083705358,33.95159809907812,0.001220703125,0.16594088807397958,15,255,167.0,34369,0.17124222735969388,1
162.06282386001274,39.167757730626796,0.005729830994897959,0.16514369419642858,14,255,163.0,38779,0.19321488360969388,1
156.51761798469389,42.16519710582042,0.0126953125,0.14871651785714285,3,255,158.0,43698,0.21772361288265307,1
171.95577566964286,38.5328686293675,0.00439453125,0.22724509725765307,9,255,174.0,39637,0.19748983577806123,1
123.87494519292092,32.50486085189264,0.0024164939413265306,0.03219666772959184,18,255,118.0,23090,0.11504504145408163,1
181.62336077008928,32.78644872898189,4.982461734693877e-06,0.2625707509566326,48,255,177.0,29033,0.14465581154336735,1
165.38695790816325,33.51681681532275,1.992984693877551e-05,0.1553631218112245,44,255,161.0,27495,0.13699278539540816,1
174.0585788026148,31.405391738785077,9.964923469387754e-06,0.19467972735969388,42,255,170.0,26514,0.13210499043367346,1
158.99586953922193,35.90710640606998,0.00020926339285714285,0.1459113919005102,28,255,153.0,29982,0.14938416772959184,1
162.80904217155611,35.46089331799259,0.003527582908163265,0.15834761639030612,15,255,159.0,31925,0.15906509088010204,1
160.8449557557398,35.96502088787601,0.0034827407525510204,0.15124760841836735,10,255,157.0,31540,0.1571468431122449,1
165.99033900669642,37.06566217507454,0.002725406568877551,0.18443080357142858,15,255,163.0,31715,0.1580187739158163,1
171.8473672672194,36.60736690431656,0.0017189492984693877,0.2191784917091837,22,255,169.0,32145,0.1601612324617347,1
172.99504743303572,35.37115995635858,0.0009018255739795918,0.22124621332908162,22,255,171.0,32455,0.1617057955994898,1
165.66848194355867,34.819816296171176,0.0007473692602040816,0.16624481823979592,22,255,163.0,31849,0.1586864237882653,1
162.27438416772958,36.63715339879925,0.0017338966836734694,0.15960319674744897,18,255,159.0,31018,0.1545459980867347,1
172.3064811862245,27.0126611324032,0.000817123724489796,0.13529874840561223,23,255,171.0,13288,0.06620695153061225,1
154.9231505102041,34.08351213348798,0.003547512755102041,0.10523955676020408,23,255,151.0,25364,0.1263751594387755,1
171.5459582270408,34.67132066605604,0.0029097576530612247,0.19357362085459184,18,255,171.0,25458,0.12684351084183673,1
163.76504703443877,35.193132336943336,0.0019630899234693877,0.14519391741071427,22,255,164.0,26175,0.13041593590561223,1
170.93912926498726,33.55747265117216,0.0013303172831632653,0.1791095344387755,24,255,171.0,25015,0.12463628029336735,1
157.23733956473214,18.546539507940476,4.982461734693877e-06,0.01094646843112245,47,255,157.0,1009,0.0050273038903061226,0
157.72836615114795,18.85795942456826,4.982461734693877e-06,0.021569076849489797,37,255,157.0,659,0.003283442283163265,0
159.7792819276148,18.049669643217022,4.982461734693877e-06,0.012934470663265306,49,255,160.0,610,0.003039301658163265,0
160.02154914700256,17.297107862572137,4.982461734693877e-06,0.011803451849489796,42,255,160.0,668,0.00332828443877551,0
166.10759127869898,21.2723271288414,0.0,0.06574358258928571,84,255,164.0,508,0.00253109056122449,0
167.26761798469389,21.250791048124036,0.0,0.06326729910714286,85,255,166.0,559,0.0027851961096938774,0
159.46969666772958,18.070900538291212,0.0,0.02085160235969388,76,255,159.0,449,0.002237125318877551,0
159.19893474968111,18.60417492710277,0.0,0.0274234693877551,51,255,158.0,241,0.0012007732780612245,0
153.72513253348214,17.400086240253547,0.0,0.00530632174744898,78,255,154.0,559,0.0027851961096938774,0
152.84964425223214,17.96295737856098,0.0,0.005869339923469388,68,255,153.0,673,0.0033531967474489796,0
153.2267518335459,17.895244302179353,0.0,0.006467235331632653,62,255,153.0,753,0.00375179368622449,0
153.92998146524235,17.144549045382398,0.0,0.005939094387755102,71,255,154.0,649,0.0032336176658163264,0
155.3214734135842,18.694710042768726,0.0,0.01617805325255102,74,255,155.0,711,0.003542530293367347,0
155.21006556919642,18.409365752702577,0.0,0.010876713966836735,75,254,155.0,702,0.003497688137755102,0
152.65479512117346,18.644993595027024,4.982461734693877e-06,0.0074238679846938774,46,253,153.0,782,0.0038962850765306123,0
150.05517578125,17.939648542621473,9.964923469387754e-06,0.004514110331632653,41,254,150.0,668,0.00332828443877551,0
147.802734375,18.789697275619368,0.0,0.004299864477040816,53,253,148.0,796,0.003966039540816327,0
148.41911471619898,18.70465857408684,4.982461734693877e-06,0.004758250956632653,46,254,148.0,697,0.0034727758290816328,0
150.96627869897958,18.769098449098976,0.0,0.006243024553571429,68,253,151.0,621,0.003094108737244898,0
150.09727758290816,18.739334066745897,4.982461734693877e-06,0.00515186543367347,46,253,150.0,726,0.003617267219387755,0
151.6984713807398,18.23787126386473,0.0,0.005610251913265306,71,254,152.0,607,0.003024354272959184,0
153.88418765943877,17.62785016989041,0.0,0.006018813775510204,75,254,154.0,566,0.002820073341836735,0
155.43303571428572,17.801572574602126,0.0,0.008275868941326531,63,255,155.0,504,0.0025111607142857145,0
156.58370535714286,17.690316116712882,4.982461734693877e-06,0.009222536670918368,37,255,156.0,419,0.002087651466836735,0
155.69269670758928,17.24863308398303,4.982461734693877e-06,0.007149832589285714,41,255,156.0,428,0.0021324936224489796,0
156.31651088169642,17.696324487922823,0.0,0.008883729272959183,56,255,156.0,547,0.002725406568877551,0
157.06797572544642,18.696793077547145,4.982461734693877e-06,0.015281210140306123,48,255,157.0,582,0.0028997927295918366,0
158.62070013552295,19.411695320464148,0.0,0.01913265306122449,51,255,158.0,653,0.003253547512755102,0
167.10231983418367,25.308647268353877,0.0,0.07427355707908163,67,255,164.0,708,0.003527582908163265,0
158.75273537149235,17.91619894234874,0.0,0.012441206951530613,75,255,159.0,515,0.002565967793367347,0
162.84204599808675,19.77096523081965,0.0,0.04030811543367347,80,254,161.0,425,0.002117546237244898,0
160.1487812898597,17.475499066164748,0.0,0.013168646364795918,69,255,160.0,354,0.0017637914540816326,0
166.3328483737245,24.63618047302371,0.0,0.08055644132653061,66,255,164.0,440,0.002192283163265306,0
166.0569844148597,25.054546209030207,0.0,0.09140326052295919,57,255,163.0,376,0.0018734056122448979,0
161.04697963169642,21.836406601950287,0.0,0.049306441326530615,66,255,159.0,428,0.0021324936224489796,0
159.1318359375,20.08186837536936,0.0,0.028375119579081634,65,255,158.0,524,0.002610809948979592,0
157.3226692044005,19.169149614238624,0.0,0.015221420599489796,60,255,157.0,687,0.003422951211734694,0
157.08988360969389,19.2976712091585,0.0,0.016003667091836735,76,254,157.0,467,0.002326809630102041,0
157.86258868781889,20.92024057957063,0.0,0.02573441485969388,63,255,157.0,477,0.0023766342474489796,0
162.8888612085459,28.030868636395674,4.982461734693877e-06,0.08731265943877552,49,255,159.0,316,0.0015744579081632653,0
155.83606206154337,18.97723473028317,0.0,0.010209064094387755,61,255,156.0,634,0.0031588807397959183,0
157.3056192203444,18.77787503615205,0.0,0.011853276466836735,70,255,157.0,507,0.0025261080994897957,0
156.68580098054846,19.539783250140317,0.0,0.0157894212372449,67,255,156.0,626,0.0031190210459183672,0
166.3494100765306,28.394802179046685,0.0,0.09666972257653061,66,255,163.0,524,0.002610809948979592,0
157.6371920838648,18.902169563039728,0.0,0.011374960140306123,73,255,158.0,661,0.003293407206632653,0
158.34717793367346,20.504085775523457,0.0,0.020707110969387755,60,255,158.0,690,0.0034378985969387753,0
158.0758729272959,17.58566811044551,0.0,0.009232501594387755,72,255,158.0,641,0.0031937579719387753,0
159.0994499362245,19.804470225490842,0.0,0.021016023596938774,72,254,159.0,506,0.002521125637755102,0
160.29924665178572,19.93201475725,0.0,0.028006417410714284,68,254,160.0,521,0.00259586256377551,0
159.86318658322705,18.721113782186137,0.0,0.019167530293367346,74,255,160.0,580,0.002889827806122449,0
159.07727299904337,19.34001359107111,0.0,0.02025370695153061,72,255,159.0,583,0.0029047751913265306,0
152.95525749362244,36.577576135034505,0.005241549744897959,0.07437320631377552,5,255,156.0,40195,0.20027004942602042,0
161.86146265146684,35.74621723819518,0.0025858976403061226,0.1236098931760204,14,255,165.0,32590,0.16237842793367346,0
150.6173768335459,38.139946078475226,0.007827447385204082,0.07905173788265306,1,255,153.0,39040,0.19451530612244897,0
163.06461754623726,35.67617448795987,0.0020228794642857145,0.1299774792729592,4,255,167.0,22358,0.11139787946428571,0
158.64982760682398,36.49528454847736,0.003941127232142857,0.10873724489795919,0,255,162.0,23888,0.11902104591836735,0
161.57211615114795,32.948991367279746,0.0010662468112244898,0.09593231823979592,14,255,164.0,20335,0.101318359375,0
155.22653260522958,32.43747208042827,0.001953125,0.07241011639030612,7,255,156.0,17162,0.08550900829081633,0
157.15548768335458,31.536565286269422,0.0017787388392857143,0.07425362723214286,0,255,158.0,15066,0.07506576849489796,0
165.79350685586735,29.607051822642187,0.0009117904974489796,0.09888691804846939,13,255,168.0,16105,0.0802425462372449,0
164.77755301339286,33.369833711547976,0.0023018973214285715,0.1210140306122449,1,255,167.0,29867,0.14881118463010204,0
165.2782356106505,29.169402995496018,0.0006128427933673469,0.09673947704081633,19,255,167.0,13475,0.067138671875,0
165.4486308195153,28.835453359618697,0.0008470184948979591,0.08133370535714286,10,255,169.0,15362,0.07654057716836735,0
164.79534040178572,31.765252352013892,0.0017737563775510204,0.09797014508928571,12,255,169.0,25216,0.1256377551020408,0
162.83001335299744,37.20500222975128,0.004489198022959184,0.1358368542729592,8,255,168.0,38270,0.1906788105867347,0
155.83391960299744,31.766102296514706,0.0026357222576530613,0.06304807079081633,1,255,158.0,25427,0.12668905452806123,0
168.19565130739795,30.064763809841434,0.0005430883290816327,0.13814373405612246,13,255,169.0,19627,0.09779077646683673,0
168.04612264827807,31.925756161169883,0.0003089126275510204,0.16319555165816327,20,255,169.0,16924,0.08432318239795919,0
171.56821986607142,32.29125974722306,0.0004384566326530612,0.19488899075255103,17,255,173.0,16211,0.08077068718112244,0
151.8937390385842,40.23665796057218,0.00677116549744898,0.109130859375,0,255,154.0,44626,0.22234733737244897,0
155.53882334183675,32.21451024929733,0.0019232302295918368,0.07196667729591837,1,255,157.0,21960,0.10941485969387756,0
154.0908751195791,34.91051615597707,0.003871372767857143,0.07879264987244898,0,255,156.0,32643,0.16264249840561223,0
151.83304767219389,34.8313859218917,0.00539600605867347,0.06810028698979592,0,255,154.0,16079,0.08011300223214286,0
160.65901028380102,31.767833408748903,0.0011260363520408164,0.09886200573979592,6,255,161.0,13835,0.06893235809948979,0
172.5658332669005,26.489412329578553,0.00014947385204081633,0.13068997130102042,14,255,174.0,10103,0.05033781090561224,0
166.10886180644133,26.51427668664253,5.978954081632653e-05,0.08641083386479592,34,255,167.0,9769,0.04867366868622449,0
164.16744559151786,25.56520716370302,1.992984693877551e-05,0.07126913265306123,43,255,164.0,6608,0.032924107142857144,0
146.6941366390306,36.0347311878653,0.008524992028061224,0.05642637914540816,1,255,149.0,24358,0.12136280293367346,0
150.51325833067602,32.53846351532242,0.0012406329719387755,0.06262456154336735,13,255,151.0,29517,0.1470673230229592,0
145.9907077088648,38.293424349397206,0.0030691964285714285,0.06669523278061225,7,255,148.0,52053,0.2593520806760204,0
154.02253567442602,39.73190240391379,0.001828563456632653,0.12089943399234694,19,255,156.0,54236,0.27022879464285715,0
149.52199756855867,41.73252185651257,0.0036870216836734694,0.11079500159438775,12,255,152.0,57954,0.288753587372449,0
131.32066625478316,44.69630122632159,0.02454360650510204,0.06103515625,4,255,131.0,57073,0.2843640385841837,0
149.4919583067602,41.50048869982322,0.0039809869260204085,0.10989317602040816,18,255,152.0,56289,0.2804577885841837,0
145.07954998405611,41.50597359601812,0.007000358737244898,0.0872329400510204,9,255,147.0,55710,0.2775729432397959,0
144.00359733737244,42.12680342937438,0.008470184948979591,0.08750199298469388,11,255,145.0,57236,0.28517617984693877,0
139.52034339126274,44.566183986869845,0.01297931281887755,0.08445770886479592,11,255,141.0,58170,0.28982979910714285,0
135.7007832429847,45.55443247308877,0.02102100605867347,0.07632134885204081,4,255,137.0,60172,0.2998046875,0
138.8564004703444,45.14868867637032,0.02182816485969388,0.08392956792091837,1,255,141.0,59555,0.29673050860969385,0
141.29586854272958,45.14900685667482,0.016158123405612245,0.0940688775510204,6,255,143.0,60731,0.30258988360969385,0
146.98147022480867,45.32976756268204,0.012152224170918368,0.12132294323979592,12,255,150.0,62008,0.30895248724489793,0
133.8205117984694,46.67770373885641,0.030766701211734693,0.07910654496173469,0,255,135.0,59158,0.2947524713010204,0
133.4283372528699,46.896052844293635,0.033771125637755105,0.07653559470663265,0,255,135.0,60205,0.2999691087372449,0
134.10099948182398,46.42053940007888,0.033013791454081634,0.07497608418367346,1,255,136.0,59723,0.29756756218112246,0
140.432373046875,45.92200872978973,0.01739875637755102,0.09978376116071429,1,255,142.0,58589,0.2919174505739796,0
132.61694834183675,46.03735096955393,0.02928691007653061,0.07508071588010204,0,255,132.0,57544,0.28671077806122447,0
128.54161352040816,45.30892196705669,0.0374382174744898,0.05717873086734694,1,255,129.0,56839,0.2831981425382653,0
139.78051259566325,48.83312954663953,0.028280452806122448,0.11223991549744898,0,255,142.0,63854,0.31815011160714285,0
148.04112523915816,49.87475807166439,0.01870914381377551,0.1626923230229592,1,255,150.0,65330,0.325504225127551,0
146.33371532206633,42.145423817068185,0.005107023278061225,0.1036800462372449,15,255,147.0,53302,0.2655751753826531,0
146.84482122927295,42.74822072630621,0.006955516581632653,0.10567303093112244,0,255,149.0,56276,0.2803930165816326,0
145.02515644929846,43.11265501365982,0.008370535714285714,0.09933533960459184,0,255,147.0,56898,0.28349210778061223,0
148.90838249362244,43.00104209457918,0.0071896922831632655,0.1161362005739796,1,255,151.0,53203,0.2650819116709184,0
146.70790318080358,44.561190191432026,0.01044822225765306,0.11712771045918367,4,255,149.0,57956,0.2887635522959184,0
146.890380859375,44.48491644279428,0.011205556441326531,0.11556819993622448,7,255,149.0,57448,0.28623246173469385,0
148.0123963647959,44.04377503449635,0.010004783163265306,0.11936483577806123,9,255,150.0,55158,0.2748226243622449,0
150.12875677614795,43.88632735933317,0.0077377630739795915,0.13206513073979592,10,255,152.0,56163,0.27982999840561223,0
146.7066575653699,43.98892058063774,0.010572783801020409,0.11258868781887756,1,255,149.0,56732,0.2826650191326531,0
146.8573222257653,44.09123214460151,0.010149274553571428,0.11382433832908163,1,255,149.0,56627,0.2821418606505102,0
148.07355110012756,43.50143997854521,0.00787727200255102,0.1179996412627551,6,255,150.0,54004,0.26907286352040816,0
150.2556750239158,42.38534150771591,0.005246532206632653,0.12120336415816327,4,255,152.0,52675,0.262451171875,0
148.48340840242346,43.29727568084891,0.00787727200255102,0.11650988520408163,4,255,151.0,54007,0.26908781090561223,0
147.5417330994898,44.20776530082031,0.01083187181122449,0.11802455357142858,8,255,150.0,54793,0.2730040258290816,0
149.88743124202807,42.973423083901594,0.0067263233418367345,0.12020687181122448,18,255,152.0,54495,0.27151925223214285,0
130.81708884725765,45.90348508929133,0.029730349170918366,0.06516561702806123,3,255,131.0,58044,0.28920200892857145,0
155.65778958067602,40.284366354719936,0.002650669642857143,0.13681839923469388,23,255,158.0,40689,0.2027313855229592,0
151.66423688616072,40.2653125098944,0.003298389668367347,0.11252889827806123,19,255,154.0,45567,0.22703583386479592,0
150.43386280293367,40.05245273512573,0.0038514429209183672,0.10523457429846939,16,255,152.0,43855,0.218505859375,0
149.8592454559949,39.983420267726764,0.00417530293367347,0.10144292091836735,15,255,152.0,43173,0.21510782047193877,0
150.91475506218111,39.931091153866504,0.0034877232142857145,0.10703324298469388,20,255,152.0,45258,0.2254962531887755,0
149.44503348214286,40.29787456235302,0.005112005739795918,0.10225007971938775,15,255,151.0,45276,0.2255859375,0
150.3949746890944,40.2620878139729,0.004404496173469388,0.10770089285714286,13,255,152.0,45155,0.22498305963010204,0
151.71843112244898,39.720501528646636,0.003208705357142857,0.11171177455357142,17,255,153.0,44537,0.22190389827806123,0
151.92728097098214,39.760067037322735,0.0031987404336734694,0.11203563456632654,20,255,153.0,42080,0.20966198979591838,0
151.8372179926658,39.47529836023253,0.003288424744897959,0.10948461415816327,6,255,153.0,41951,0.20901925223214285,0
162.47941745057398,31.12225492059846,0.0,0.1029476243622449,54,255,163.0,12651,0.06303312340561225,0
147.9926309390944,32.65494136295338,0.0019182477678571428,0.07163783482142858,9,255,144.0,24463,0.12188596141581633,0
156.0186543367347,28.17314244857522,4.982461734693877e-06,0.07920121173469388,40,255,152.0,21594,0.1075912786989796,0
159.40712193080358,26.41099034592711,0.0,0.08139847735969388,57,255,155.0,15274,0.07610212053571429,0
157.24338827327807,26.071073272851024,0.0,0.06916155133928571,51,255,154.0,15257,0.07601741868622448,0
156.05372090242346,29.29485858547467,0.0001096141581632653,0.08099489795918367,25,255,153.0,19874,0.09902144451530612,0
158.14738121811226,29.278757107216567,0.00011957908163265306,0.08670978156887756,36,255,155.0,21640,0.10782047193877552,0
162.0730528539541,27.32160408759998,5.978954081632653e-05,0.09160754145408163,31,255,159.0,19946,0.09938018176020408,0
149.62590182557398,29.850836136068434,0.00027901785714285713,0.06646603954081633,14,255,146.0,22587,0.11253886320153061,0
150.9285265864158,29.355800495462617,3.487723214285714e-05,0.06906688456632654,36,255,147.0,20795,0.10361029177295919,0
150.32788584183675,31.30864765287322,0.00025908801020408165,0.07839405293367346,25,255,146.0,28285,0.1409289301658163,0
155.26379145408163,29.047199950123904,5.480707908163265e-05,0.07884745695153061,26,255,152.0,24019,0.11967374840561225,0
169.04192243303572,24.29108388977776,0.0,0.10763113839285714,83,255,165.0,9632,0.04799107142857143,0
169.4237832828444,22.676243609536982,0.0,0.09610172193877552,80,255,166.0,8563,0.04266481983418367,0
168.8954480229592,24.904119798991907,0.0,0.11585718271683673,70,255,164.0,10458,0.05210658482142857,0
166.06784618144133,23.313470198801294,0.0,0.09091497927295919,83,255,162.0,8445,0.0420768893494898,0
173.46113181600765,23.877226069443,0.0,0.13230927136479592,81,255,170.0,8369,0.04169822225765306,0
174.59849828603316,20.482997260038395,0.0,0.10878706951530612,84,255,172.0,5308,0.0264469068877551,0
170.49478336256377,19.877512573493647,0.0,0.08299286511479592,93,255,167.0,4794,0.023885921556122448,0
172.8773417570153,21.003710941706824,0.0,0.10369997608418367,97,254,169.0,4524,0.0225406568877551,0
169.9193040497449,22.749321175824264,0.0,0.10304727359693877,94,255,166.0,7765,0.03868881536989796,0
133.52231146364795,36.49664522186256,0.0029944595025510204,0.0584343112244898,6,255,128.0,34171,0.1702556999362245,0
131.65943379304846,33.760267201728254,0.0005929129464285714,0.05006875797193878,13,255,125.0,32799,0.1634197624362245,0
142.94184470663265,31.768498392148715,0.00046336894132653064,0.06007852359693878,20,255,138.0,26937,0.13421257174744897,0
151.46443518813774,28.81839829707448,0.0,0.06685965401785714,52,255,147.0,20573,0.10250418526785714,0
158.35737205038265,32.135659159043676,3.487723214285714e-05,0.10854791135204081,35,255,155.0,26585,0.13245874521683673,0
168.7526008450255,29.97163519108322,0.0,0.1580387037627551,50,255,166.0,17055,0.08497588488520408,0
168.04204201211735,26.200849808726563,0.0,0.11581234056122448,69,255,165.0,10242,0.05103037308673469,0
170.84188655931123,24.029286317016982,0.0,0.11260861766581633,75,255,168.0,8652,0.04310825892857143,0
169.50958625637756,25.58146691411677,0.0,0.11934490593112244,52,255,166.0,13494,0.06723333864795919,0
166.9728555484694,24.790676418803862,0.0001096141581632653,0.07338169642857142,24,255,167.0,8190,0.040806361607142856,0
165.15879603794642,22.807803718301766,0.0,0.06049705038265306,55,255,164.0,6043,0.0301090162627551,0
129.5333177216199,22.471845560500526,0.00020926339285714285,0.012212013711734694,26,254,128.0,5970,0.029745296556122448,0
171.80966497927295,23.857678959274853,0.0,0.10232481664540816,54,255,171.0,7010,0.03492705676020408,0
151.58616171077807,38.36333011203842,6.975446428571428e-05,0.12590680803571427,26,255,147.0,38557,0.19210877710459184,0
156.6387316645408,31.091532612737623,1.992984693877551e-05,0.09372508769132654,47,255,154.0,20195,0.10062081473214286,0
155.83780094068877,29.445915351071697,0.00039361447704081633,0.07244001116071429,32,255,154.0,12305,0.06130919164540816,0
159.50993502869898,23.464870093300327,4.982461734693877e-06,0.04855907206632653,49,255,158.0,3496,0.017418686224489797,0
160.81187220982142,22.35592810150337,0.0,0.04985451211734694,63,255,159.0,4056,0.020208864795918366,0
167.40443140146684,23.8006507611815,1.4947385204081632e-05,0.07928591358418367,42,255,166.0,3615,0.018011599170918366,0
172.86552834024235,22.388338304703915,0.0,0.0955337213010204,53,255,172.0,2324,0.011579241071428572,0
172.17047492825256,21.49242789712959,0.0,0.08725286989795919,63,255,171.0,2396,0.011937978316326531,0
167.79031309789542,21.515582080790097,0.0,0.0684390943877551,61,254,167.0,3235,0.016118263711734693,0
169.97478874362244,23.882743673779398,4.982461734693877e-06,0.0945571588010204,45,255,169.0,4331,0.021579041772959183,0
177.29342215401786,18.482180204511703,0.0,0.09661491549744898,67,255,176.0,903,0.004499162946428571,0
180.81593789859693,18.2452711509875,0.0,0.11829858896683673,83,255,180.0,1013,0.005047233737244898,0
169.9021544164541,19.677638963795548,0.0,0.06663046077806123,72,255,168.0,1485,0.0073989556760204085,0
169.01444415656889,22.716094994764727,0.0,0.07892717633928571,50,255,169.0,704,0.00350765306122449,0
162.810546875,24.08289416135231,9.964923469387754e-06,0.06070133131377551,35,255,162.0,1234,0.006148357780612245,0
161.70351861447705,23.769524365456725,4.982461734693877e-06,0.05499143016581633,44,255,161.0,1523,0.007588289221938775,0
166.0804219148597,19.50376572717225,0.0,0.04821029974489796,83,255,164.0,900,0.00448421556122449,0
167.43720603475765,22.34959234482346,0.0,0.06953025350765306,52,255,166.0,1571,0.007827447385204082,0
164.55684988839286,23.590090579710363,2.491230867346939e-05,0.06051698022959184,43,255,164.0,1076,0.005361128826530612,0
165.41616509885205,20.744956822985632,0.0,0.05082609215561224,67,255,164.0,1688,0.008410395408163265,0
172.92919423628825,20.764235686248306,0.0,0.08351104113520408,74,255,172.0,1159,0.005774673150510204,0
171.9464036591199,21.47817575962312,0.0,0.07922114158163265,61,255,172.0,1129,0.005625199298469388,0
170.90796894929846,21.065083636132332,4.982461734693877e-06,0.07383510044642858,44,255,170.0,1250,0.006228077168367347,0
170.0760871731505,23.647358203146847,4.982461734693877e-06,0.08559371014030612,42,255,171.0,922,0.004593829719387755,0
166.36019710618623,23.27937189283381,0.0,0.06243522799744898,50,255,167.0,677,0.003373126594387755,0
163.8752889827806,23.67842271150649,4.982461734693877e-06,0.05521564094387755,35,255,164.0,820,0.00408561862244898,0
165.5817323022959,22.6958070032573,0.0,0.05747767857142857,56,255,165.0,1002,0.0049924266581632655,0
173.89439672353316,21.7564339536625,0.0,0.10134825414540816,76,255,174.0,959,0.004778180803571429,0
172.41713169642858,23.22624431576959,4.982461734693877e-06,0.10062579719387756,45,255,173.0,752,0.0037468112244897957,0
173.59055125956633,21.11605730913157,0.0,0.09742207429846939,70,255,173.0,942,0.004693478954081632,0
160.70417629942602,23.584213957142026,1.4947385204081632e-05,0.04223134566326531,41,255,161.0,1693,0.008435307716836735,0
160.57644591039542,23.40792256692292,9.964923469387754e-06,0.04267478475765306,43,255,161.0,1813,0.009033203125,0
161.07230548469389,23.681709088206432,1.4947385204081632e-05,0.043531768176020405,42,255,161.0,1459,0.007269411670918368,0
174.13759068080358,19.65116725511613,0.0,0.07996352838010204,67,255,174.0,1029,0.005126953125,0
177.06367087850765,19.621470620837673,0.0,0.10281309789540816,74,255,177.0,1375,0.006850884885204082,0
170.0489576690051,22.034751375175038,0.0,0.0753597337372449,59,255,170.0,1669,0.008315728635204082,0
170.11802455357142,21.859628372203073,0.0,0.07514548788265306,53,255,170.0,1505,0.007498604910714286,0
170.82678471779337,20.611570541231213,0.0,0.07341657366071429,72,255,170.0,1489,0.007418885522959184,0
170.72641302614795,21.639772456506947,4.982461734693877e-06,0.07868303571428571,46,255,170.0,1773,0.008833904655612245,0
167.01984514508928,21.82976782599827,0.0,0.06390007174744898,61,255,166.0,1110,0.005530532525510204,0
165.06313775510205,22.225196571354783,4.982461734693877e-06,0.057562380420918366,40,255,164.0,1345,0.0067014110331632655,0
