Vocab size,Model,Train Acc,Test Acc,Precision,Recall,F1,Train Time (s),Predict Time (s)
100,Multinomial NB,0.8453023758099352,0.8360302049622438,0.7095808383233533,0.8116438356164384,0.7571884984025559,0.004482100004679523,0.001208700006827712
100,Logistic Regression,0.9133369330453563,0.9050701186623517,0.8591549295774648,0.8356164383561644,0.8472222222222222,3.983743399992818,0.001103500006138347
300,Multinomial NB,0.8984881209503239,0.8985976267529665,0.801829268292683,0.9006849315068494,0.8483870967741935,0.006805299999541603,0.0013789999939035624
300,Logistic Regression,0.9878509719222462,0.9514563106796117,0.9186440677966101,0.928082191780822,0.9233390119250426,3.3823772999894572,0.0007407999946735799
500,Multinomial NB,0.9154967602591793,0.919093851132686,0.8422712933753943,0.9143835616438356,0.8768472906403941,0.0033309999998891726,0.0007045000093057752
500,Logistic Regression,0.9959503239740821,0.9687162891046386,0.9457627118644067,0.9554794520547946,0.9505962521294719,2.0928592000127537,0.0008060999971348792
1000,Multinomial NB,0.927645788336933,0.9363538295577131,0.8652037617554859,0.9452054794520548,0.9034369885433715,0.0032703999895602465,0.0008864999981597066
1000,Logistic Regression,0.9986501079913607,0.9730312837108953,0.9556313993174061,0.958904109589041,0.9572649572649573,1.7388437000045087,0.0024815000069793314
3000,Multinomial NB,0.9470842332613391,0.9514563106796117,0.8945686900958466,0.958904109589041,0.9256198347107438,0.006777899994631298,0.0025520000053802505
3000,Logistic Regression,0.9994600431965442,0.9751887810140237,0.9590443686006825,0.9623287671232876,0.9606837606837607,3.492044899991015,0.0011131999926874414
